Bethel
Bridgeport
Brookfield
Danbury
Darien
Easton
Fairfield
Greenwich
Monroe
New Canaan
New Fairfield
Newtown
Norwalk
Redding
Ridgefield
Shelton
Sherman
Stamford
Stratford
Trumbull
Weston
Westport
Wilton
Avon
Berlin
Bloomfield
Bristol
Burlington
Canton
East Granby
East Hartford
East Windsor
Enfield
Farmington
Glastonbury
Granby
Hartford
Hartland
Manchester
Marlborough
New Britain
Newington
Plainville
Rocky Hill
Simsbury
South Windsor
Southington
Suffield
West Hartford
Wethersfield
Windsor Locks
Windsor
Barkhamsted
Bethlehem
Bridgewater
Canaan
Colebrook
Cornwall
Goshen
Harwinton
Kent
Litchfield
Morris
New Hartford
New Milford
Norfolk
North Canaan
Plymouth
Roxbury
Salisbury
Sharon
Thomaston
Torrington
Warren
Washington
Watertown
Winchester
Woodbury
Chester
Clinton
Cromwell
Deep River
Durham
East Haddam
East Hampton
Essex
Haddam
Killingworth
Middlefield
Middletown
Old Saybrook
Portland
Westbrook
Ansonia
Beacon Falls
Bethany
Branford
Cheshire
Derby
East Haven
Guilford
Hamden
Madison
Meriden
Middlebury
Milford
Naugatuck
New Haven
North Branford
North Haven
Orange
Oxford
Prospect
Seymour
Southbury
Wallingford
Waterbury
West Haven
Wolcott
Woodbridge
Bozrah
Colchester
East Lyme
Franklin
Griswold
Groton
Lebanon
Ledyard
Lisbon
Lyme
Montville
New London
North Stonington
Norwich
Old Lyme
Preston
Salem
Sprague
Stonington
Voluntown
Waterford
Andover
Bolton
Columbia
Coventry
Ellington
Hebron
Mansfield
Somers
Stafford
Tolland
Union
Vernon
Willington
Ashford
Brooklyn
Canterbury
Chaplin
Eastford
Hampton
Killingly
Plainfield
Pomfret
Putnam
Scotland
Sterling
Thompson
Windham
Woodstock
Alton
Barnstead
Belmont
Center Harbor
Gilford
Gilmanton
Laconia
Meredith
New Hampton
Sanbornton
Tilton
Albany
Bartlett
Brookfield
Chatham
Conway
Eaton
Effingham
Freedom
Hart's Location
Jackson
Madison
Moultonborough
Ossipee
Sandwich
Tamworth
Tuftonboro
Wakefield
Wolfeboro
Alstead
Chesterfield
Dublin
Fitzwilliam
Gilsum
Harrisville
Hinsdale
Jaffrey
Keene
Marlborough
Marlow
Nelson
Richmond
Rindge
Roxbury
Stoddard
Sullivan
Surry
Swanzey
Troy
Walpole
Westmoreland
Winchester
Berlin
Carroll
Clarksville
Colebrook
Columbia
Dalton
Dummer
Errol
Gorham
Jefferson
Lancaster
Milan
Northumberland
Pittsburg
Randolph
Shelburne
Stark
Stewartstown
Stratford
Whitefield
Wentworth's Location
Alexandria
Ashland
Bath
Benton
Bethlehem
Bridgewater
Bristol
Campton
Canaan
Dorchester
Easton
Ellsworth
Enfield
Franconia
Grafton
Groton
Hanover
Haverhill
Hebron
Holderness
Landaff
Lebanon
Lincoln
Lisbon
Littleton
Lyman
Lyme
Monroe
Orange
Orford
Piermont
Plymouth
Rumney
Sugar Hill
Thornton
Warren
Waterville Valley
Wentworth
Woodstock
Livermore
Amherst
Antrim
Bedford
Bennington
Brookline
Deering
Francestown
Goffstown
Greenfield
Greenville
Hancock
Hillsborough
Hollis
Hudson
Litchfield
Lyndeborough
Manchester
Mason
Merrimack
Milford
Mont Vernon
Nashua
New Boston
New Ipswich
Pelham
Peterborough
Sharon
Temple
Weare
Wilton
Windsor
Allenstown
Andover
Boscawen
Bow
Bradford
Canterbury
Chichester
Concord
Danbury
Dunbarton
Epsom
Franklin
Henniker
Hill
Hooksett
Hopkinton
Loudon
New London
Newbury
Northfield
Pembroke
Pittsfield
Salisbury
Sutton
Warner
Webster
Wilmot
Atkinson
Auburn
Brentwood
Candia
Chester
Danville
Deerfield
Derry
East Kingston
Epping
Exeter
Fremont
Greenland
Hampstead
Hampton Falls
Hampton
Kensington
Kingston
Londonderry
New Castle
Newfields
Newington
Newmarket
Newton
North Hampton
Northwood
Nottingham
Plaistow
Portsmouth
Raymond
Rye
Salem
Sandown
Seabrook
South Hampton
Stratham
Windham
Barrington
Dover
Durham
Farmington
Lee
Madbury
Middleton
Milton
New Durham
Rochester
Rollinsford
Somersworth
Strafford
Acworth
Charlestown
Claremont
Cornish
Croydon
Goshen
Grantham
Langdon
Lempster
Newport
Plainfield
Springfield
Sunapee
Unity
Washington
Addison
Bridport
Bristol
Cornwall
Ferrisburg
Goshen
Granville
Hancock
Leicester
Lincoln
Middlebury
Monkton
New Haven
Orwell
Panton
Ripton
Salisbury
Shoreham
Starksboro
Vergennes
Waltham
Weybridge
Whiting
Arlington
Bennington
Dorset
Landgrove
Manchester
Peru
Pownal
Readsboro
Rupert
Sandgate
Searsburg
Shaftsbury
Stamford
Sunderland
Winhall
Woodford
Glastenbury
Barnet
Burke
Danville
Groton
Hardwick
Kirby
Lyndon
Newark
Peacham
Ryegate
Sheffield
St. Johnsbury
Stannard
Sutton
Walden
Waterford
Wheelock
Bolton
Burlington
Charlotte
Colchester
Essex
Hinesburg
Huntington
Jericho
Milton
Richmond
Shelburne
South Burlington
St. George
Underhill
Westford
Williston
Winooski
Bloomfield
Brighton
Brunswick
Canaan
Concord
East Haven
Granby
Guildhall
Lemington
Lunenburg
Maidstone
Norton
Victory
Bakersfield
Berkshire
Enosburg
Fairfax
Fairfield
Fletcher
Franklin
Georgia
Highgate
Montgomery
Richford
Sheldon
St. Albans (city)
St. Albans (town)
Swanton
Alburg
Grand Isle
Isle La Motte
North Hero
South Hero
Belvidere
Cambridge
Eden
Elmore
Hyde Park (town)
Johnson
Morristown
Stowe
Waterville
Wolcott
Bradford
Braintree
Brookfield
Chelsea
Corinth
Fairlee
Newbury
Orange
Randolph
Strafford
Thetford
Topsham
Tunbridge
Vershire
Washington
West Fairlee
Williamstown
Albany
Barton
Brownington
Charleston
Coventry
Craftsbury
Derby
Glover
Greensboro
Holland
Irasburg
Jay
Lowell
Morgan
Newport (city)
Newport (town)
Troy
Westfield
Westmore
Benson
Brandon
Castleton
Chittenden
Clarendon
Danby
Fair Haven
Hubbardton
Ira
Killington
Mendon
Middletown Springs
Mount Holly
Mount Tabor
Pawlet
Pittsfield
Pittsford
Poultney
Proctor
Rutland (city)
Rutland (town)
Shrewsbury
Sudbury
Tinmouth
Wallingford
Wells
West Haven
West Rutland
Barre (city)
Barre (town)
Berlin
Cabot
Calais
Duxbury
East Montpelier
Fayston
Marshfield
Middlesex
Montpelier
Moretown
Northfield
Plainfield
Roxbury
Waitsfield
Warren
Waterbury
Woodbury
Worcester
Athens
Brattleboro
Brookline
Dover
Dummerston
Grafton
Guilford
Halifax
Jamaica
Londonderry
Marlboro
Newfane
Putney
Rockingham
Stratton
Townshend
Vernon
Wardsboro
Westminster
Whitingham
Wilmington
Windham
Somerset
Andover
Baltimore
Barnard
Bethel
Bridgewater
Cavendish
Chester
Hartford
Hartland
Ludlow
Norwich
Plymouth
Pomfret
Reading
Rochester
Royalton
Sharon
Springfield
Stockbridge
Weathersfield
West Windsor
Weston
Windsor
Woodstock
Barrington
Bristol
Warren
Coventry
East Greenwich
Warwick
West Greenwich
West Warwick
Jamestown
Little Compton
Middletown
Newport
Portsmouth
Tiverton
Burrillville
Central Falls
Cranston
Cumberland
East Providence
Foster
Glocester
Johnston
Lincoln
North Providence
North Smithfield
Pawtucket
Providence
Scituate
Smithfield
Woonsocket
Charlestown
Exeter
Hopkinton
Narragansett
New Shoreham
North Kingstown
Richmond
South Kingstown
Westerly
Village Name
Acushnet Center
Amherst Center
Annisquam
Assonet
Auburndale
Baldwinville
Berkshire
Beverly Farms
Bliss Corner
Bondsville
Buzzards Bay
Cedar Crest
Centerville
Coltsville
Chestnut Hill
Chestnut Hill
Chestnut Hill
Brookline
Newton
Cordaville
Cotuit
Dennis Port
East Dennis
East Douglas
East Falmouth
East Freetown
East Harwich
East Sandwich
East Templeton
Fiskdale
Florence
Forestdale
Glendale
Greenbush
Green Harbor
Greendale
Harwich Center
Harwich Port
Haydenville
Housatonic
Humarock
Hyannis
Indian Orchard
Interlaken
Leeds
Mansfield Center
Marion Center
Marshfield Hills
Marstons Mills
Mashpee Neck
Mattapoisett Center
Menemsha
Middleborough Center
Millers Falls
Minot
Monson Center
Monument Beach
New Seabury
Newton Centre
Newton Corner
Newton Highlands
Newton Lower Falls
Newton Upper Falls
Newtonville
Nonantum
North Amherst
North Attleborough Center
North Billerica
North Eastham
North Falmouth
North Lakeville
North Pembroke
North Plymouth
North Scituate
North Seekonk
North Westport
Norton Center
Oak Hill
Ocean Grove
Onset
Osterville
Otter River
Pocasset
Popponesset
Prides Crossing
Quinsigamond Village
Raynham Center
Sagamore
Seabrook
Shelburne Falls
Smith Mills
South Amherst
South Ashburnham
South Attleboro
South Deerfield
South Dennis
South Duxbury
South Lancaster
South Yarmouth
Tatnuck
Teaticket
Templeton Center
Three Rivers
Thompsonville
Townsend Harbor
Turners Falls
Vernon Hill
Vineyard Haven
Waban
Wareham Center
West Barnstable
West Dennis
West Falmouth
West Newton
West Wareham
West Yarmouth
Weweantic
White Island Shores
Whitinsville
Williamsville
Woods Hole
Wyben
Yarmouth Port
Abbott Village
Abel's Hill
Aberdeen
Academy Hill
Acapesket
Acre
Acton Center
Adamsville
Agassiz
Agawam Center
Albee Corners
Aldenville
Aldrich Lake
Aldrich Village
Alford Center
Algeria
Allen's Corner
Allen's Corner
Allendale
Allenville
Allerton
Allston
Allston Heights
Alpine Place
Amesbury Ferry
Amherst Fields
Amherst Woods
Amory Hill
Amostown
Anawan
Andover North Parish
Andover South Parish
Andover Village
Andover West Parish
Andrew Square
Annasnappet
Antassawamock
Antassawamock Neck
Apple Valley
Aquashenet
Arlington District
Arlington District
Arlington Heights
Arlington Heights
Arrowhead
Arsenal
Artichoke
Asbury Grove
Ashby Center
Ashcroft
Ashdod
Ashfield Plain
Ashley Falls
Ashleyville
Ashmont
Ashumet Park
Ashumet Pond
Aspinwall Hill
Assabet Park
Assinippi
Assonet Neck
Hatherly
Athol Center
Atlantic
Atlantic Hill
Atlantic Station
Attitash
Attleboro Falls
Auburn Center
Auburn Station
Auburnville
Aucoot
Avon Hill
Ayers City
Ayers Village
Babbatasset
Back Bay
Baconsville
Bailey
Bailey's Hill
Baker Bridge Station
Baker Hill
Bakers Corner
Bakerville
Bald Mountain
Baldpate Station
Baldwin Hill
Ball Square
Ball's Corner
Ballard Hill
Ballardvale
Bancroft
Baptist Corner
Baptist Hill
Baptist Village
Barber Hill
Barber's Station
Barden Hill
Bardwell
Bardwell
Bardwell's Ferry
Barecove
Barker Hill
Barkers
Barkerville
Barley Neck
Barmardville
Barney's Point
Barneyville
Barrack Hill
Barre Center
Barre Falls
Barre Four Corners
Barre Plains
Barrett's Junction
Barrowsville
Barry's Corner
Barry's Corner
Bartlett's Village
Bartonville
Bass Point
Bass River
Bass Rocks
Bate's Pond
Batesville
Bath House Station
Battery Station
Bay State
Bay View
Bay View
Bay View
Bay Village
Bayberry Hill
Baylies Corner
Bayside Station
Bayview
Beach Bluff
Beach Point
Beachmont
Beacon Hill
Baldwin
Beacon Park
Beaconsfield
Bean Crossing
Bean Porridge Hill
Bear Hill
Bear Hole
Bear Meadow
Bear Town
Bearcroft
Bearfoot District
Bearskin Neck
Beaulah Park
Beaver
Beaver
Beaver Brook Station
Beaver Brown's Crossing
Beaver Meadow
Becket Center
Bedford Springs
Beech Grove
Beech Hill
Beech Plain
Beechdale
Beechwood
Beechwoods
Bel Air
Belcher's Corner
Belchertown Center
Bell Rock Station
Belle Grove
Belle Isle
Belle Isle
Belleview
Belleview Park
Belleville
Bellevue Station
Bellingham
Bellingham Center
Bellingham Four Corners
Bellingham Junction
Belmont
Belvidere
Bemis Station
Bennett Hall
Benton Hill
Berkley Bridge
Berkley Common
Berkshire
Berkshire Heights
Berlin Station
Berry's Corner
Berrymans Four Corners
Bethlehem District
Beverly Cove
Bigelow Hollow
Billerica Center
Billingsgate
Billington Sea
Birch Meadow
Birchville
Bird Street Station
Bird's Hill Station
Bisbee
Bisbee's Corner
Black Rock
Black Rock Station
Blackburn Village
Blackinton
Blackstone Village
Blackwater
Blanchardville
Blandford Center
Blaneyville
Bleachery
Bleachery
Bleachery Station
Bleachery Station
Bliss Corner
Blissville
Blithewood
Bloomingdale
Blubber Hollow
Blue Hill
Blue Meadow
Bobtown
Bofat Hill
Bogue
Bolton Center
Bolton Station
Bonney Ridge Four Corners
Bonny Rig
Border City
Bourndale
Bowen’s Corner
Bowenville
Bowkerville
Bowlder Grange
Box Factory
Boxboro Station
Boxford First Parish
Boxford Second Parish
Boxford Village
Boylston
Boylston Center
Boylston Common
Bozrah
Bradford
Bradley Station
Bradstreet
Bragg Hill
Braggville
Braggville
Braggville
Braintree Highlands
Braley's Station
Bramanville
Brandon
Brandon
Brant Rock
Brattle Station
Brayton Point
Braytonville
Brennon's Hill
Brewster Station
Brick City
Brickbottom
Brickett Hill
Bridgewater Iron Works
Bridgewater Junction
Brier
Brier Hill
Briggs Corner
Briggsville
Brightside
Brightwood
Brimestone Hill
Brimfield Center
Britannia
Broad Cove
Broad Cove
Broadway Station
Brockton Heights
Brookline Hills
Brookline Village
Brooks Station
Brooks Village
Brookside
Brookside
Brookside
Brookside
Brookside
Brookside Station
Brookville
Brookville
Broomshire
Brown
Browns Station
Brush Hill
Brush Valley
Bryantville
Bryantville
Buckland Center
Buckland Four Corners
Bucks Village
Buffum's
Buffum's Corner
Buffville
Bull's Eye Crossing
Bullardville
Bumpus Corner
Burdickville
Burditt Hill
Burke Flat
Burke's Corner
Burkinshaw
Burkville
Burleigh
Burnt Hill
Burnt Swamp Corner
Burrage
Burrage Station
Burrageville
Burt’s Corner
Burtt's Crossing
Bush
Bush Corner
Bush Factory
Butlerville
Buxton
Byfield
Byfield Parish
Cadman's Neck
Calf Pasture
California
Calumet
Cambridge Highlands
Cambridge Street
Cambridgeport
Camp Devens
Camp Merrill
Camp Station
Campello
Canada
Canaumet
Candlewood
Cannonville
Cannonville
Canobieola
Canterbury
Canton Center
Canton Corner
Canton Farms
Canton Junction
Cape Poge
Caper Corner
Captain's Hill
Card's Corner
Carey's Crossing
Careyville
Carlisle Station
Carltonville
Carltonville Station
Carsonville
Carters Station
Cary Hill
Caryville
Cashman's Crossing
Castle Hill Station
Castle Island
Castle Park
Catamount Hill
Catville
Cedar Grove
Cedar Station
Cedarville
Centennial Grove Station
Center Abington
Center Street
Center Village
Centerville
Centerville
Centerville
Centerville
Centerville
Centerville
Central Avenue
Central District
Central Hill
Central Square
Central Square Station
Central Village
Central Village
Central Village
Central Village
Centralville
Centre
Centreville
Centreville
Chace's
Chaces Station
Chaffee
Chaffinville
Chamberlain's Corner
Chandler
Chandler Hill
Chapaquoit
Chappaquiddick Island (Chappequiddick Island)
Chapinsville
Chapinville
Chaplinville
Charcoal City
Charityville
Charles River
Charles River Heights
Charles River Village
Charlton Center
Charlton City
Charlton Depot
Chartley
Chase's
Chase's Village
Chaseville
Chaseville
Chatham Port
Chattanooga
Cheapside
Cheapside
Chebacco Pond
Cheever
Chelmsford Center
Chemistry
Cherry Brook Station
Cherry Valley
Cherry Valley
Cheshire Corner
Cheshire Harbor
Cheshire Village
Chester Center
Chester Village
Chesterfield Center
Chickemoo
Chicopee Center
Chicopee Falls
Chicopee Junction
Chiltonville
China Town
Chinquist
Chocksett
Christian Hill
Christian Hill
Churchill
Cinder Hill
City Hall
City Line
City Line
City Mills
City Point
Clafinville
Clarendon Hills
Clarendon Hills
Clark Point
Clayton
Clear River
Clematis Brook Station
Cleveland Circle
Clevelandtown
Clicquot Station
Clifford
Clifford
Clifton
Clifton Heights
Cliftondale
Coatue
Cobb's Tavern
Cobbetts Corners
Coburnville
Coburnville
Cochesett
Cochituate
Codman Square
Cohasset Cove
Cold Hill
Cold Spring
Coldbrook
Coldbrook
Coldbrook Springs
Coldspring
Cole Hill
Coles Station
Colesville
College Hill
College Hill
Collidgeville
Collins Station
Collins Street Station
Collinsville
Colrain Center
Columbus Park
Comins Village
Commercial Point
Commercial Street
Concord Junction
Congamuck
Connecticut Corner
Conomo
Conomo Point
Cookshire
Cooleyville
Coolidge Corner
Coolidge Hill
Copecut
Copicut
Coppville
Cordage
Corey Hill
Corn Hill
Cotley
Cottage Farm
Cottage Farm Station
Coulomb Manor
Cove Landing
Cove Village
Cove Village
Craigville
Cranes Norton
Craneville
Creamery Station
Crescent Avenue Station
Crescent Beach
Crescent Beach
Crescent Mills
Crickett Hill
Crimpville
Crockertown
Crockerville
Crook’s Corner
Cross Street Station
Crow Hill
Crow Point
Crow Village
Crowleyville
Crystal Lake
Crystal Springs Station
Cummaquid
Cummingsville
Cumston Village
Curtis Crossing Station
Curtisville
Curtisville
Cushing
Cutter Village
Cuttyhunk
Cyrus
Daltonville
Danielsville
Danvers Centre
Danvers Highlands
Danvers Plains
Danversport
Darby
Davis
Davis Corner
Davisville
Dawson Station
Dayville
Deantown
Deanville
Dedham Island
Dedham Road Station
Deer Island
Deerfield Center
Deershorn
Dell
Dennison District
Dennisport
Dennyville
Depot Hill
Depot Village
Devens
Devereux
Dighton Rock Park
Doane
Dodge
Dodgeville
 Dog Corner II Stoughton II Norfolk
Dogtown
Dogtown Commons
Dole Corner
Donkeyville
Dorchester Heights
Dorchester Lower Mills
Douglas Center
Douglas Park
Douglas Station
Dover Center
Dowse's Corner
Dracut Center
Dresser Hill
Drury
Drury
Drury Square
Dry Pond
Dublin
Dublin
Duck Harbor
Duckville
Dudley Center
Dudley Hill
Dudley Square
Dudleyville
Durenville
Duxbury Beach
Dwight
Eagleville
East Acton
East Alford
East Amherst
East Arlington
East Barre
East Becket
East Berlin
East Bernardston
East Billerica
East Blackstone
East Blackstone
East Boston
East Boxford
East Braintree
East Brewster
East Brimfield
East Buckland
East Cambridge
East Carver
East Charlemont
East Chelmsford
East Cheshire
East Chop
East Colrain
East Danvers
East Dedham
East Deerfield
East Dracut
East End
East End
East End
East Everett
East Fairhaven
East Farms
East Fitchburg
East Foxborough
East Gardner
East Hill
East Junction
East Junction
East Parish
East Quarter
East Section
East Side
East Village
East Wilbraham
Eastham Center
Easton Center
Easton Furnace
Eastondale
Eastside
Eastville
Eastville
Eastville
Echo Hill
Eddyville
Edgeworth
Egleston Square
Egremont Plain
Egypt
Elesmere
Eliot
Elizabeth Island
Ellis
Ellis Furnace
Ellis Mills
Ellis Mills
Ellis Park
Ellis Station
Ellisville
Elm Grove
Elmdale
Elmhurst
Elmville
Elmwood
Elmwood
Elmwood
Endicott
Essex Falls
Eveningside
Everettville
Ewingville
Factory Hollow
Factory Village
Factory Village
Factory Village
Factory Village
Factory Village
Factory Village
Fairbank's Park
Fairfield
Fairlawn
Fairlawn
Fairmount
Fairmount
Fairview
Fairview
Fall Brook
Falls
Falls Village
Falls Woods
Falmouth Heights
Falmouth Village
Faneuil Hall
Farley Village
Farm Bridge
Farm Hill Station
Farm Street Station
Farmer’s
Farmersville
Farnams
Farnum’s Gate
Farnumville
Faulkner
Faunce Corner
Fayville
Federal
Federal Hill
Felchville
Felix Neck
Fells
Fenno's Corner
Fentonville
Fenway
Ferncroft
Ferncroft Station
Fernwood
Ferry Hill
Ferry Street
Fiberloid
Fiddler's Green
Fields Corner
Fieldston
Financial District
Findlen
First Cliff
First Parish
Fisher Hill
Fisherville
Fisherville
Five Corners
Five Corners
Five Corners
Five Paths
Five Points
Flagg Street
Flat Hill
Flat Iron Point
Flint Village
Forbes
Forbes Station
Forbush Hill
Fordsville
Forest Hills
Forest Park
Forest River Station
Forge Pond District
Forge Village
Fort Devens Station
Fort Hill
Fort Hill
Fort Hill
Fort Hill
Foskett's Mills
Fosterville
Foundry Village
Four Corners
Four Corners
Four Corners
Four Corners
Four Corners
Four Corners
Four Corners
Fox Hill
Foxborough Center
Foxtown
Foxvale
Foxvale
Framingham Center
Franconia
Franklin
Franklin Park
Franklin Park
French Hill
French King
Fresh Brook
Fresh Pond Station
Freshwater Cove Village
Frye Village
Fryeville
Fryeville
Fryville
Fullerville
Fullerville
Furnace
Furnace
Furnace Hill
Furnace Village
Furnace Village
Garden City
Garden City
Gardner Center
Gardnerville
Gates Crossing
Gay Head Neck
Germantown
Germantown
Germantown
Germantown
Germantown
Gibbs Crossing
Gibson Corner
Gilbertville
Gilboa
Gilead
Gill's Corner
Gleason Junction
Gleasondale
Glen Mills
Glenallan
Glendale
Glendale
Glendale
Glendale
Glendale Village
Glenmere
Glenmere
Glennonville
Glennonville
Glenwood
Glenwood
Glenwood
Glenwood Station
Globe
Globe Village
Glover's Corner
Golden Cove
Gomorrah
Goodell Hollow
Goodrichville
Goodyear Park
Gore
Gore
Goulding Village
Granby Hollow
Grand Island
Granite Bridge
Graniteville
Gray Gables
Great Island
Great Plains
Great Pond
Great River
Green Lodge
Greenlodge
Greenville
Greenville
Greenwater Pond
Greenwich Plains
Greenwich Village
Greenwood
Greenwood
Greenwood Park
Greylock
Griswoldville
Grove Hall
Guinea
Guinea
Gun Rock
Gunn's Grove
Gurnet
Gurney Corner
Hadley
Hadley Acres
Hagarville
Haggatts Station
Hall's Corner
Hall's Ground
Hallockville
Hallsville
Hamerock
Hammond Street
Hammondtown
Hampshire Village
Hampton Hill
Hampton Mills
Happy Hollow
Harbor View
Harbor View
Harbor View Station
Harding
Harding Corner Station
Harmony
Harness Shop Hill
Harris
Harrison Square
Harrisville
Harrisville
Hartbrook
Hartsville
Harvard Lawn
Harvard Square
Harwichport
Harwoods Crossing
Haskins
Hasting's Heights
Hastings Station
Hastingsville
Hatchville
Hatchville
Hatherly
Hathorne
Hathorne Station
Hawes
Hawks Brook
Hayden Row
Hazelwood Highland
Hazelwood Station
Head O'Pamet
Head of the Bay
Head of the Meadow
Head of Westport
Heald Village
Hebronville
Hecla
Hell's Kitchen
Herrick New
Heywood Station
Heywoods
Heywoods
Hicksville
High Head
High Plains
High Rocks
Highland
Highland
Highland
Highland Lake Station
Highland Light
Highland Park
Highland Park
Highland Terrace
Highlands
Highlands
Highlands
Highlands
Highlands
Highlands
Highlands
Highlands
Highlands
Highlands
Highlands Lake
Highlands Station
Highlands Station
Highlandville
Hill Crossing
Hillsboro
Hillside
Hillside
Hillside
Hillsville
Hockanum
Hockanum
Hodges Village
Hoggsback
Hollingsworth Station
Hollywood
Holmes Neighborhood
Holt
Holtshire
Holyoke
Homestead
Honeypot
Hooker District
Hoosac
Hoosac Tunnel Station
Hoosac Tunnel Village
Hopeville
Hopeville
Horn Pond
Horn Pond
Horse Neck Beach
Horton Signal
Hortonville
Hough's Neck
Houghtonville
Houghtonville
Hovenden Park
Howarths Station
Howe Station
Howe Village
Howesville
Howland Station
Howlands
Hubbard Corners
Huckle Hill
Huff's Mill
Huntsville
Hut Meadow
Hyannis Port
Hyde Park
Hydeville
Iceville
Indian Hill
Indian Meeting House
Indian Town
Ingalls Station
Ingalls Station
Ingalside
Inglewood
Inman Square
Interlachen
Intervale
Intervale Park
Ireland Parish
Ireland Street
Iron Works
Ironstone
Island Creek
Island Park Station
Islington
Jacksonville
Jamaica Plain
Jamesville
Japan
Jefferson
Jeffries Point
Jenksville
Jericho
Jericho
Jerusalem
Jerusalem
Jerusalem
John's Pond
Jones' Nose
Joppa
Joppa
Joslinville
Judson
Junction Station
Justice Hill
Katama
Keephikkon
Kempton Park
Kempville
Kenberma
Kendall Green Station
Kendall Hill
Kendall Square
Kenersonville
Kenkaport
Kenmore Square
Kenney Mills
Kenwood
Kenwood
Kettle Cove
Kingdom
Kingsbury District
Kingscroft
Kittredgeville
Klondike
Knightville
Knollwood
Konkapot
Lake Attitash
Lake Boone Station
Lake Crossing
Lake Mahkeenac
Lake Park
Lake Pearl Station
Lake Pleasant
Lake Street Station
Lake View
Lake Walden
Lakemont
Lakeside
Lakeside
Lakeview
Lakeview
Lakeview
Lakeville
Lakeville
Lakeville
Lamb City
Lambert's Cove
Lamedville
Lane Village
Lanesville
Lanesville
Larchwood
Larnedville
Laurel
Laurel Park
Lawrence Station
Leadmine
Lebanon Mills
Lechmere Point
Lechmere Square
Ledgeville
Leesville
Lelandsville
Lenox Dale
Lensdale
Leyden Park
Liberty
Liberty Plain
Lighting Bug
Lincoln Hill
Lincoln Square
Linden Station
Lindenwood Station
Line
Line Brook
Linwood
Linwood
Lithia
Little Bridge
Little Canada
Little Neck
Little Pond
Little Rest
Little River
Littleton Common
Littletown
Littleville
Loblolley
Lock Village
Lockerville
Lokerville
Long Hill
Long Hill
Long Island
Long Nook
Long Plain
Long Point
Long Pond
Longwood
Longwood Medical Area
Lonicut
Loraine
Loring Avenue Station
Loudville
Loudville
Lovell Corners
Lovell’s Island
Lovellville
Lowell Junction Station
Lower Bakersville
Lower Falls
Lower Mills
Lower Plain
Lower Port
Lower Village
Lower Wire Village
Ludlow City
Lymanville
Lynnhurst
Lynnhurst
Lyons Village
Lyonsville
Machine Shop
Madaket
Magnolia
Main Street
Manchaug Sutton
Mann's Crossing
Mannville
Manomet
Maple Grove
Maple Terrace
Mapleville
Maplewood
Maplewood Station
Maravista
Marble Village
Marblehead Neck
Marbleridge Station
Marland Village
Marlborough
Marlborough Junction
Mars Hill
Marshall's Corner
Marshfield Hills
Martin Park
Martin's Pond
Mashnee Island
Matfield
Mattapan
Mattapoisette Neck
Mayflower Heights
Mayflower Park
Maywood
Meadow Brook
Meadowbrook
Meadows
Meadowview
Mechanicsville
Mechanicsville
Mechanicsville
Medford Hillside
Meeting House Hill
Meeting House Hill
Megansett
Menauhant
Menemsha-Indian Wawaytick
Menlo Park
Merino Village
Merrick
Merrimacport
Merrymount
Metcalf
Mica Mill
Mid Cambridge
Middlesex Fells
Middlesex Village
Middleton
Miles River Station
Mill & Barre
Mill Hill
Mill Pond Bluff
Mill River
Mill River
Mill Valley
Mill Valley
Mill Village
Mill Village
Mill Village
Mill Village
Millbrook
Miller Street Station
Millers Falls
Millerville
Millington
Millvale
Millville
Millwood
Milward
Milwood
Mishamet Point
Mishawum Station
Mission Hill
Mitchellville
Mittineague
Monatiquot Heights
Money Hill
Money Hole Hill
Monomoy Island
Monponset Station
Montclair Station
Montello
Montrose
Montserrat
Montvale Station
Montville
Montwait
Montwayte
Moody Corner
Moores Corner
Morgan's Crossing
Morningdale
Morningside
Morningside
Morrils Station
Morse District
Morse's Corner
Morseville
Morseville
Morton Station
Moscow
Moultonville
Mount Auburn Station
Mount Bowdoin
Mount Hermon
Mount Hermon
Mount Hood
Mount Hope Station
Mount Pleasant
Mount Pleasant
Mount Saint James
Mount Section
Mount Tom
Mount Wachusett
Mount Washington
Muddy Brook
Muggett
Munroe Station
Muschopauge
Musterfield
Muttock
Myricks
Nabnasset
Namequoit
Namskaket
Nanapashemet
Nantasket
Nantasket Beach
Nantasket Junction
Nashaquitsa
Nashawena
Nashoba
Nasketucket
Naukeag
Nauset Beach
Nausett
Naushon
Navy Yard
Navy Yard
Nebnasset
Nebraska Plain
Neck
Needham Corner
Needham Highlands
Neighborly Newton
Nemasket
Neponset
New Boston
New Boston
New Boston
New Boston
New Boston
New Boston
New Boston
New Boston
New Boston
New City
New City
New Dublin
New Jerusalem
New Lenox
New Leverett
New Maine
New State
Newell
Newton Street
Nichewaug
Nicholsville
Nine Acre Corner
Nine Acre Corner
Nippenicket Park
Nissitisset
Nobscot
Nockset
Nonantum Hill
Nonquitt
Norfolk Downs
North Abington
North Acton
North Ashburnham
North Becket
North Bellingham
North Bernardston
North Beverly
North Blandford
North Brewster
North Bridge
North Cambridge
North Carver
North Charlton
North Chatham
North Chelmsford
North Cheshire
North Chester
North Chicopee
North Cohasset
North Common
North Dartmouth
North Dennis
North Dighton
North Duxbury
North Easton
North Egremont
North End
North End
North Farms
North Foxborough
North Framingham
North Franklin
North Hadley
North Longyard
North Parish
North Pocasset
North Quarter
North River
North Side
North Street Station
North Tisbury
North Village
North Village
North Village
North Woods
North Yarmouth
Northville
Northville
Northville
Norumbega Park
Norwich
Norwottuck
Notch
Notown
Notown
Nourse's Corner
Nutting Lake
Nutting's Pond
Oak Grove
Oak Grove Village
Oak Hill
Oak Island Station
Oak Square
Oak Street Station
Oakdale
Oakdale
Oakdale
Oakdale
Oakland
Oakland
Oakland Station
Oaklands
Oaklands
Oakside
Ocean Bluff
Ocean Heights
Ocean Spray Station
Ocean View
Old Cambridge
Old City
Old Colony House
Old Common
Old Deerfield
Old Furnace
Old Harbor
Old Harbor Village
Old Spain
Old Town
Old Town
Olney Corners
Orchard Valley
Ordway Station
Oregon
Oregon
Orient Heights
Osgood
Otis Air Force Base
Outer Brewster
Over the River District
Overbrook
Oxford
Oxford Heights
Oyster Harbors
Packachoag Hill
Packardsville
Packertown
Padanaram
Paineburg
Pan
Pansy Park
Paper Mill
Paper Mill Village
Paper Mill Village
Paper Mills
Park Hill
Park Street
Park's Corner
Parker District
Parker Hill
Parker School House
Parker's Mills
Parker's Mills
Parkerville
Parksville
Parkwood Beach
Parley Vale
Parlowtown
Parting Ways
Partridge Hill
Partridgeville
Partridgeville
Pasque
Patch
Pattenville
Paugatuck
Pawmet
Pawtucketville
Payson Park
Peaked Hill
Peaked Hill
Pearl City
Peasville
Pecksville
Pecousic
Pelham Hollow
Pemberton
Penikese
Perrins
Perry Hill
Perryville
Perryville
Perryville
Peter Hill
Petty's Plain
Phelps District
Phelps Mills
Phillipdale
Phillips
Phillips Beach
Piccadilly
Pico Beach
Pierces Bridge Station
Pierceville
Pigeon Cove
Pilgrim Heights
Pill Hill
Pimlico
Pine Grove
Pine Heights
Pine Island
Pine Neck
Pine Nook
Pine Point
Pine Ridge
Pine Ridge Station
Pinedale
Pinehurst
Pinehurst Beach
Pingreyville
Pitcherville
Plains
Plainville
Plainville
Playstead
Pleasant Hill Station
Pleasant Lake
Pleasant Park
Pleasant Street Station
Pleasant Street Station
Pleasant Valley
Pleasant Valley
Pleasant Valley
Pleasantville
Pleasantville
Plimptonville
Plum Island
Plum Trees
Plummer's
Pochassic
Pocket
Podunk
Pohoganut
Point Independence
Point Of Pines
Point Pleasant
Point Shirley
Poland
Polandville
Polpis
Pomeroy
Pond District
Pondville
Pondville
Poniken
Ponkapoag
Pontoosuc
Poor
Pope’s Hill
Popes Point
Poquanticut
Pork Lane
Porter Square
Porter's Pass
Porter's Station
Portnomequot
Potenska Point
Potomska
Potopoag
Pottersville
Powder Horn Hill
Powder Mill
Powder Point
Powers Corner
Powers Mills
Pratt Town
Pratts Junction
Prattsville
Prattville
Prattville
Precinct
Precinct
Pride’s Crossing
Primus
Pringeyville
Privilege
Proctor's Crossing
Proctorville
Prospect Hill
Prospect Hill
Prospect Hill
Prospect Park
Prospectville
Proutyville
Puddingshire
Pumpkin Hollow
Pumpkin Hook
Purchade
Puritan Heights
Putnam's Village
Putnams
Putnamville
Quabbin
Quaboag Village
Quaker City
Quaker District
Quaker Hill
Quampacha
Quansoo
Quarry
Quarry
Queen Anne's Corner
Quenames
Quepeggue
Quidnet
Quinapoxet
Quincy Adams Station
Quinebaug
Quinsigamond Lake
Quisset
Quitsey
Quitticus
Race Point
Raddin Station
Raddins
Rakeville
Ram's Horn
Randall Town
Rangeley Park
Rarkers Mills
Rattlesnake Gutter
Raymond
Readville
Readville Manor
Red Bridge
Red Bridge
Red Mills
Red School Station
Reformatory Station
Renaud Heights
Renfrew
Renfrew
Renfrew
Reservoir
Reservoir
Reservoir
Reservoir Hill
Revere Beach
Revere Street Station
Rexhame
Reynolds' Rock
Rice Corner District
Rice Crossing
Rice Village
Riceville
Richardson's Corner
Richmond
Richmond Furnace Station
Richmond Summit Station
Ricka Village
Ridge Hill
Rings Corner
Rings Island
Ringville
Rising Corners
Risingdale
Riverbank
Riverdale
Riverdale
Riverdale
Riverdale
Riverdale
Riverdale
Rivermoore
Riverside
Riverside
Riverside
Riverside
Riverside
Riverside
Riverside
Riverside Heights
Riverside Park
Riverside Station
Riverside Station
Riverview
Riverview Heights
Rivulet
Roberts Station
Robinsonville
Robinsonville
Robinsonville
Rochdale
Rock Harbor
Rock Rimmon
Rock Station
Rock Valley
Rock Village
Rockbottom
Rockdale
Rockdale
Rockdale Mills
Rocky Hill
Rocky Hill
Rocky Hill Station
Rocky Neck
Rocky Nook
Rogers Square
Rollstone Hill
Rooty Plain
Rose Hill
Rosemont Station
Roslindale
Round Hill Point
Rowley Hill
Roxbury Crossing
Rugby
Rural District
Rushville
Russell Mills
Russell's
Russellville
Russellville
Rutland Heights
Ryal Side
Ryder Village
Saccarapa
Sacconeesett
Saconnesset
Sagamore Beach
Sagamore City
Sagamore Highlands
Sagamore Hill
Salem Village
Salisbury Beach
Salisbury Heights
Salisbury Plains
Salisbury Point
Salisbury Square
Salter's Point
Sampsonville
Sand Hill
Sandersdale
Sandhill Scituate
Sandsprings
Sandy Hill
Sandy Neck
Sandy Pond
Sandy Valley
Sanford's Bound
Sankaty Bluff
Santuit
Saquis
Satucket
Saundersdale
Saundersville
Savaryville
Savin Hill
Sawtelleville
Saxonville
Scaden
Scantic
Scargo Hill
Schooset
Schooset
Sconticut Neck
Scorton
Scotland
Scotland
Scott Hill
Scrabbletown
Sea View
Searsville
Searsville
Seaside
Second Parish
Seconnet
Seekonk
Segreganset
Segreganset
Shaboken
Shady Hill
Shaker Village
Shaker Village
Shaker Village
Shaker Village
Shakers
Shattuckville
Shaw's Corner
Shawmut
Shawsheen Village
Shawville
Sheldonville
Shepardville
Sherwood
Shirkshire
Shoe String District or Village
Shore Acres
Shorley
Shuttleville
Siasconset
Sibleyville
Siggsville
Silver Beach
Silver Hill Station
Silver Lake Station
Simpson's Village
Sippecan
Sippewisset
Sixteen Acres
Skinner
Skinner Hill
Skinnerville
Slab City
Slab City
Slocum
Smith Crossing Station
Smith's Ferry
Smith's Neck
Smith's Station
Smiths
Smithville
Smithville
Snake Hill
Snellville
Soapstone
Sodam
Sodam
Sodam
Sodham
Soldiers Field
Somerset Junction
South
South Acton
South Ashfield
South Athol
South Barre
South Beach
South Becket
South Belchertown
South Bellingham
South Berlin
South Billerica
South Bolton
South Boston
South Boylston
South Braintree
South Braintree Heights
South Byfield
South Carver
South Charlton
South Chatham
South Chelmsford
South Colrain
South Cove
South Dartmouth
South Dedham
South Dighton
South Douglas
South Eastham
South Easton
South Easton Green
South Egremont
South End
South Essex
South Everett
South Fitchburg
South Foxborough
South Framingham
South Franklin
South Gardner
South Georgetown
South Hill
South Hopedale
South Longyard
South Park
South Part
South Pocasset
South Pond Village
South River
South Rowe
South Vernon
South Village
South Village
South Village
Southfield
Southville
Southwick District
Spectacle Island
Spindleville
Spotless Town
Sprague's Hill
Spring Hill
Spring Road Crossing
Springdale
Springdale
Springdale
Springdale
Springhill
Spruce Corner
Squamacook Junction
Squantum
Squareshire
Squawbetty
Squibnocket
St. Moritz
Stafford's Hill
Standish
Standish
Stanley
State Alms House
State Farm
State Line
State Line
Steep Brook
Sternsville
Steven's Village
Stevens
Stevensville
Stevensville
Stickneyville
Still River
Still River
Stillwater
Stockbridge Bowl
Stone Factory
Stone Haven
Stone Haven
Stone’s Crossing
Stonehaven
Stoneville
Stonewall
Stoney Beach
Stoney Brook
Stoney Brook
Stoney Brook Reservation
Stormy Hill
Storrowton
Straits Pond
Straw Hollow
Strawberry Hill
Strawberry Hill
Succonesset
Suffolk Downs
Sugar Hill
Sullivan Square
Summit
Summit Grove
Sunnyside
Sunnyside
Sunset Point
Suntaug
Surfside
Surfside
Swan's Tavern
Sweeneyville
Sweet's Corner
Swift River
Swifts Beach
Sylvester Corner
Symmes Corner
Taber Hill
Tack Factory
Taconic
Taft's Mills
Taggart
Talbot
Talbot Corner
Tallawanda
Tanner District
Tapleyville
Tar Hill
Tarklin
Tasseltop
Tatham
Taylor's Bridge
Tempest Knob Station
Tennyville
Terry's
Texas Village
The Bars
The Bars
The Bars
The Bluffs
The Castle
The Cleghorn
The Cobbles
The Flats
The Glades
The Graves
The Green
The Highlands
The Hopper
The Kitchen
The Point
The Quag
Theatre District
Thermopylae
Thicket
Thomaston Park
Thomastown
Thompson Corners
Thompson Island
Thompson’s Island
Thomsonville
Thorndike
Thornton
Three Roads
Thunder
Thwaites
Tihonet
Tilden Island
Tillotson's
Tinkertown
Tinkhamtown
Titicut
Tonset
Touisset
Tower Hill
Tower Hill
Town Green
Town Hill
Town House
Town House
Townsend Hill
Traskville
Tremont
Trinity Place Station
Trouant's Island
Trowbridgeville
Tuckernuck
Tufts
Tufts College
Tufts Village
Tullyville
Turkey Hill
Turkey Hill
Turnpike
Two Mile Purchase
Twopenny Loaf
Tylerville
U.S. Navy Yard
Uncatena
Union Market Station
Union Square
Union Square
Union Square
Uniondale
Unionville
Unionville
Unionville
Unionville
Uphams Corner
Upper Dedham
Upper Falls
Upper Plains
Vallerville
Valley Falls
Van Deusenville
Vaughn’s Hill
Vesper Country Club
Vineyard Grove
Vose
Wachogue
Wachusett
Wachusett Station
Wachusett Village
Wadsworth
Waite's Corner
Wakeby
Walker
Walkerville
Wallace Hill
Wallum Pond
Walnut Bottom
Walnut Hill
Wamesit
Wampum Station
Wandville
Wapping
Wapping Road Village
Waquoit
Ward Hill
Wardville
Wares
Washacum
Washington
Washington Park
Washington Square
Washington Square
Washington Street
Washington Village
Waterford
Waters River
Waterville
Waterville
Watson
Wattoquotoc
Watuppa
Wauwinet
Waveland
Waverley
Wayside Inn Station
Webster Junction
Webster Mills
Wedgemere
Weepeckets
Weir
Weir River
Weir Village
Weir Village
Weld Street Station
Wellesley Farms
Wellesley Hills
Wellesley Square
Wellingsly
Wellington
Wellington Hill
Wenammet Neck
Wendell Station
Wenham
Wessagusett
Wessonville
West Abington
West Acton
West Alford
West Andover
West Auburn
West Barre
West Beach
West Becket
West Bedford
West Berlin
West Billerica
West Boxford
West Brimfield
West Brook
West Brook Village
West Cambridge
West Chatham
West Chelmsford
West Chesterfield
West Chop
West Concord
West Corners
West Crook
West Cummington
West Dedham
West Deerfield
West Dighton
West Douglas
West Dudley
West Duxbury
West Egremont
West End
West End
West End
West Everett
West Farms
West Farms
West Farms
West Fitchburg
West Foxborough
West Gardner
West Hamilton
West Hill
West Hyannis
West Mountain
West Mountain
West Parish
West Parish
West Parish
West Parish
West Park
West Scituate
West Somerville
West Street Station
West Tatnuck
West Village
Westdale
Westdale
Westlake
Westlands
Westlands
Westover Air Base (USAF)
Westport Factory
Westport Mills
Westside
Westvale
Westville
Westville
Westwood Hills
Weymouth Landing
Whalom
Wheeler Park
Wheeler Village
Wheeler’s Hill
Wheelerville
Wheelockville
Wheelockville
Wheelwright
Whipples Station
White City
White City
White City
White Hall
White Horse Beach
White Oaks
White Valley
Whitehead
Whiteville
Whitins Station
Whitmanville
Whitmanville
Whitney
Whitney District
Whittenton
Wianno
Wickfield
Wigginville
Wilbur's Point
Wilkinsonville
Wilkinsville
Williamsville
Willimansett
Willis Place
Williston Mills
Willowdale
Willows
Wilson Hill
Wilson's Mountain
Winchendon Springs
Winchester Park
Windmere
Windmere
Windsor Park
Wing's Neck
Winheconnet
Winlows Crossing
Winlows Station
Winnetuxet
Winnmere
Winter Hill
Winter's Corner
Winterville
Wintucket
Wipples Station
Wire Village
Wollaston Station
Wood End
Wood Island
Wood Island Station
Wood's Hole
Woodbourne
Woodburys Station
Woodland Station
Woodlawn
Woodlawn
Woodruff Heights
Woodside Mills
Woodsville
Woodville
Woonsocket Junction
Worcester Heights
World's End
Woronoco
Wykoff Park
Wyoma
Wyoming
Yarmouthport
Yellow Town
Yokum Pond
York
Zylonite
Acushena
Agawam
Andrewstown
Apponegansett
Ashuelot Equivalent
Attleborough
Barnardstone's Grant
Basse River
Belcher’s Town
Berkshire Equivalent
Billirikey
Blue Hill Lands
Boston Township Number One
Boston Township Number Two
Bullock's Grant
Bullocks Grant
Cabotville
Cambridge South Parish
Cape Ann
Chabakongomum
Chabanagungamug
Chappequiddick
Charley Mount
Charlton
Chebacco
Chequocket
Chuckomug
Coa
Cochickawick
Cochituit
Cokachoise
Cold Spring
Colechester
Conahasset
Concord Village
Contentment
Cotachesett
Cottage City
Danforth's Farms
District of Carlilse
Dorchester Village
Dorchester-Canada Plantation
Ducksburrow
Duxburrow Plantation
East Hoosuck Plantation
East Sudbury
Edgar Towne
Emesbury
Erving's Grant
Fair Haven Village
Falls Fight
Falltown Plantation
Five Pound Island
Foords Farm
Fort Massachusetts
Freeman's Purchase
Freemens Land
Gageborough
Gay Head
Gay Head Indian District
Gerry
Glasgow
Gloscester
Great Harbour
Green Harbor
Greenwich
Hack's Grant
Hadley Third Precinct
Hockamock
Hockomock
Housatonic Township Number Four
Huntstown Plantation
Hutchinson
Ipswich Eighth Parish
Iron Work Farm
Ketiticut
Kokachoise
Litchfield
Little Cambridge
Little Salisbury
Lyttleton
Manamoiet
Manamoit Village
Manamooskeagin
Manchaug
Manor of Tisbury
Mattakeeset
Mattakeeset
Mattapan
Mennems Moone
Menotomy
Merry Mount
Middlesex Gore
Mile & Half of Land
Minot's Grant
Mishawum
Mistic
Mohootset
Monatiquot
Monomoy
Monument Village
Moskeehtucketqut
Mount Dagan
Mount Wollaston
Muddy River
Murrayfield
Murrayfield Grant
Musketequid
Namassakeesett
Nashowakemmuck
Nawsett
New Glasgow
New Grant
New Hingham Plantation
New Providence
New Providence Hill
New Providence Plantation
New Providence Purchase
New Rowley
New Sherburn
Newe Towne
Newtown
No Town Plantation
Nobscusset
Noman's Land
Noodles Island
North Bridgewater
North Purchase
North Sandwich
North Wrentham
Nossett
Noticock
Nottingham
Number Thirteen
Nunketest
Nunnepog
Passacomuck
Pawtucket
Pawtucket
Payquage Plantation
Peymechit
Plantation Chickleystown
Plantation Number Five (1762 Township)
Plantation Number Four
Plantation Number Nine (1762 Township)
Plantation Number One (Western Township of 1762)
Plantation Number One
Pocomtuck
Podunke
Podunkville
Poguaige
Provincetown on Mills River
Pullen Poynte
Pullin Point
Punkapoag
Quabaug Territory
Quabaug Territory
Quaboag
Quequechan Region
Quichickichick
Quinsigamond
Quobauge
Rowley Village
Rumney Marsh
Rutland District
Sacconeesett
Salem Farms
Salem Middle Parish
Salem Village Parish
Salisbury-new-toune
Santuite
Satucket
Satuite
Sawkatucket
Scipuiszet
Sconticut
Seipuiszet
Sepoese
Sepuit
Sesuet
Shawanon
Shawanon Purchase
Shawmut
Shawshinnock
Shawsin
Sipnesset
Skonkonet
Skunkamug
Slacksville
South Malden
South Parish
South Purchase
Springfield Parish
Squantums Neck
Suckanesset
Sudbury
Suffield Equivalent Lands
Tamahappaseeacon
Taunton
Taunton North Purchase
Tiverton
Tragabigzanda
Tremont
Trimountaine
Troy
Turkey Hill
Vinson's Cove
Wameset
Waqua
Ward
Washqua
Waskotussoo
Watatick Hill
Wattuppa
Weguasset
Wellington
Wequaquet
West Cambridge
West Hoosuck
West Sandwich
Weymouth Canada
Willard’s Farm
Winnissimet
Wyngaersheek
Yanno's Land
York
Dana
Prescott
Greenwich
Enfield
Agawam
Amesbury
Attleboro
Barnstable
Beverly
Boston
Braintree
Brockton
Cambridge
Chelsea
Chicopee
Easthampton
Everett
Fall River
Fitchburg
Franklin
Gardner
Gloucester
Greenfield
Haverhill
Holyoke
Lawrence
Leominster
Lowell
Lynn
Malden
Marlborough
Medford
Melrose
Methuen
New Bedford
Newburyport
Newton
North Adams
Northampton
Palmer
Peabody
Pittsfield
Quincy
Randolph
Revere
Salem
Somerville
Southbridge
Springfield
Taunton
Waltham
Watertown
Westfield
West Springfield
Weymouth
Winthrop
Woburn
Worcester
Abbot
Acton
Addison
Albion
Alexander
Alfred
Allagash
Alna
Alton
Amherst
Amity
Andover
Anson
Appleton
Arrowsic
Arundel
Ashland
Athens
Atkinson
Aurora
Avon
Baileyville
Baldwin
Bancroft
Bar Harbor
Beals
Beaver Cove
Beddington
Belgrade
Belmont
Benton
Berwick
Bethel
Bingham
Blaine
Blue Hill
Boothbay
Boothbay Harbor
Bowdoin
Bowdoinham
Bowerbank
Bradford
Bradley
Bremen
Bridgewater
Bridgton
Bristol
Brooklin
Brooks
Brooksville
Brownfield
Brownville
Brunswick
Buckfield
Bucksport
Burlington
Burnham
Buxton
Byron
Cambridge
Camden
Canaan
Canton
Cape Elizabeth
Caratunk
Carmel
Carrabassett Valley
Carthage
Casco
Castine
Castle Hill
Caswell
Chapman
Charleston
Charlotte
Chelsea
Cherryfield
Chester
Chesterville
China
Clifton
Clinton
Columbia
Columbia Falls
Cooper
Corinna
Corinth
Cornish
Cornville
Cranberry Isles
Crawford
Crystal
Cumberland
Cushing
Cutler
Bieberville
Town names beginning with D-H
D-E
Town (County)	F-G
Town (County)	H
Town
Damariscotta
Danforth
Dayton
Deblois
Dedham
Deer Isle
Denmark
Dennysville
Detroit
Dexter
Dixfield
Dixmont
Dover-Foxcroft
Dresden
Durham
Dyer Brook 
Eagle Lake
East Machias
East Millinocket
Eastbrook
Easton
Eddington
Edgecomb
Edinburg
Eliot
Embden
Enfield
Etna
Eustis
Exeter
Fairfield
Falmouth
Farmingdale
Farmington
Fayette
Fort Fairfield
Fort Kent
Frankfort
Franklin
Freedom
Freeport
Frenchboro
Frenchville
Friendship
Frye Island
Fryeburg 
Garland
Georgetown
Gilead
Glenburn
Gorham
Gouldsboro
Grand Isle
Gray
Great Pond
Greenbush
Greene
Greenville
Greenwood
Guilford
Hamlin
Hammond
Hampden
Hancock
Hanover
Harmony
Harpswell
Harrington
Harrison
Hartford
Hartland
Haynesville
Hebron
Hermon
Hersey
Hiram
Hodgdon
Holden
Hollis
Hope
Houlton
Howland
Hudson
Town names beginning with I-M
I-J-K
Town (County)	L
Town (County)	M
Town
Industry
Island Falls
Isle au Haut
Islesboro 
Jackman
Jackson
Jay
Jefferson
Jonesboro
Jonesport 
Kenduskeag
Kennebunk
Kennebunkport
Kingfield
Kittery
Knox
Lagrange
Lakeville
Lamoine
Lebanon
Lee
Leeds
Levant
Liberty
Limerick
Limestone
Limington
Lincoln
Lincolnville
Linneus
Lisbon
Litchfield
Littleton
Livermore
Livermore Falls
Long Island
Lovell
Lowell
Lubec
Ludlow
Lyman
Machias
Machiasport
Madawaska
Madison
Manchester
Mapleton
Mariaville
Mars Hill
Marshfield
Masardis
Mattawamkeag
Maxfield
Mechanic Falls
Meddybemps
Medford
Medway
Mercer
Merrill
Mexico
Milbridge
Milford
Millinocket
Milo
Minot
Monmouth
Monroe
Monson
Monticello
Montville
Moose River
Morrill
Moscow
Mount Chase
Mount Desert
Mount Vernon
Town names beginning with N-S
N-O
Town (County)	P-R
Town (County)	S
Town
Naples
New Canada
New Gloucester
New Limerick
New Portland
New Sharon
New Sweden
New Vineyard
Newburgh
Newcastle
Newfield
Newport
Newry
Nobleboro
Norridgewock
North Berwick
North Haven
North Yarmouth
Northfield
Northport
Norway 
Oakfield
Oakland
Ogunquit
Old Orchard Beach
Orient
Orland
Orono
Orrington
Osborn
Otis
Otisfield
Owls Head
Oxford
Palermo
Palmyra
Paris
Parkman
Parsonsfield
Passadumkeag
Patten
Pembroke
Penobscot
Perham
Perry
Peru
Phillips
Phippsburg
Pittsfield
Pittston
Plymouth
Poland
Portage Lake
Porter
Pownal
Princeton
Prospect 
Randolph
Rangeley
Raymond
Readfield
Richmond
Ripley
Robbinston
Rockport
Rome
Roque Bluffs
Roxbury
Rumford
Sabattus
Saint Agatha
Saint Albans
Saint Francis
Saint George
Sanford
Sangerville
Scarborough
Searsmont
Searsport
Sebago
Sebec
Sedgwick
Shapleigh
Sherman
Shirley
Sidney
Skowhegan
Smithfield
Smyrna
Solon
Somerville
Sorrento
South Berwick
South Bristol
South Thomaston
Southport
Southwest Harbor
Springfield
Stacyville
Standish
Starks
Stetson
Steuben
Stockholm
Stockton Springs
Stoneham
Stonington
Stow
Strong
Sullivan
Sumner
Surry
Swans Island
Swanville
Sweden
Town names beginning with T-Y
T-U-V
Town (County)	Wa-We
Town (County)	Wh-Y
Town
Talmadge
Temple
Thomaston
Thorndike
Topsfield
Topsham
Tremont
Trenton
Troy
Turner 
Union
Unity
Upton 
Van Buren
Vanceboro
Vassalboro
Veazie
Verona Island
Vienna
Vinalhaven
Wade
Waite
Waldo
Waldoboro
Wales
Wallagrass
Waltham
Warren
Washburn
Washington
Waterboro
Waterford
Wayne
Weld
Wellington
Wells
Wesley
West Bath
West Gardiner
West Paris
Westfield
Westmanland
Weston
Westport
Whitefield
Whiting
Whitneyville
Willimantic
Wilton
Windham
Windsor
Winn
Winslow
Winter Harbor
Winterport
Winthrop
Wiscasset
Woodland
Woodstock
Woodville
Woolwich
Yarmouth
York